product_id,brand,product_type,sku,name,price,set_qty_on_hand,set_allow_backorder
142006,ER Vanities,Double Sink Cabinet Only,Bristol-59.5D-NWA-BG,"Bristol 59.5\"" Double Sink Bathroom Vanity in Natural White Ash",1799.99,,
142008,ER Vanities,Double Sink Cabinet Only,Bristol-71.5-NWA-BG,"Bristol 71.5\"" Bathroom Vanity in Natural White Ash",1949.99,,
142031,ER Vanities,Double Sink Cabinet Only,Kensington-59.5D-MGR-BN,"Kensington 59.5\"" Double Sink Bathroom Vanity in Metal Gray",1849.99,,
142032,ER Vanities,Double Sink Cabinet Only,Kensington-59.5D-WH-BN,"Kensington 59.5\"" Double Sink Bathroom Vanity in Bright White",1849.99,,
142035,ER Vanities,Double Sink Cabinet Only,Kensington-71.5-MGR-BN,"Kensington 71.5\"" Bathroom Vanity in Metal Gray",1999.99,,
142036,ER Vanities,Double Sink Cabinet Only,Kensington-71.5-WH-BN,"Kensington 71.5\"" Bathroom Vanity in Bright White",1999.99,,
142047,ER Vanities,Double Sink Cabinet Only,London-59.5D-DOAK-MB,"London 59.5\"" Double Sink Bathroom Vanity in Desert Oak",1774.99,,
142048,ER Vanities,Double Sink Cabinet Only,London-59.5D-WH-BN,"London 59.5\"" Double Sink Bathroom Vanity in Bright White",1649.99,,
142051,ER Vanities,Double Sink Cabinet Only,London-71.5-DOAK-MB,"London 71.5\"" Bathroom Vanity in Desert Oak",1949.99,,
142052,ER Vanities,Double Sink Cabinet Only,London-71.5-WH-BN,"London 71.5\"" Bathroom Vanity in Bright White",1799.99,,
142076,ER Vanities,Double Sink Cabinet Only,Windsor-59.5D-NVBLU-BG,"Windsor 59.5\"" Double Sink Bathroom Vanity in Navy Blue",1799.99,,
142073,ER Vanities,Double Sink Cabinet Only,Windsor-59.5D-WH-BN,"Windsor 59.5\"" Double Sink Bathroom Vanity in Bright White",1724.99,,
142077,ER Vanities,Double Sink Cabinet Only,Windsor-71.5-NVBLU-BG,"Windsor 71.5\"" Bathroom Vanity in Navy Blue",1999.99,,
142078,ER Vanities,Double Sink Cabinet Only,Windsor-71.5-WH-BN,"Windsor 71.5\"" Bathroom Vanity in Bright White",1899.99,,
142079,ER Vanities,Linen Cabinet,Windsor-LC-WH-BN,Windsor Linen Tower in Bright White,1199.99,,
142009,ER Vanities,Side Cabinet,Bristol-Bridge3DE-NWA-BG,"Bristol 24\"" 3-Drawer Bridge in Natural White Ash",649.99,,
142010,ER Vanities,Side Cabinet,Bristol-BridgeMUCounter-NWA-BG,"Bristol 24\"" Make-Up Bridge in Natural White Ash",549.99,,
142037,ER Vanities,Side Cabinet,Kensington-BridgeCabinet-MG-BN,"Kensington 23\"" Bridge Drawer in Metal Gray",424.99,,
142038,ER Vanities,Side Cabinet,Kensington-BridgeCabinet-WH-BN,"Kensington 23\"" Bridge Drawer in Bright White",424.99,,
142002,ER Vanities,Single Sink Cabinet Only,Bristol-29.5-NWA-BG,"Bristol 29.5\"" Bathroom Vanity in Natural White Ash",1049.99,,
142003,ER Vanities,Single Sink Cabinet Only,Bristol-35.5-NWA-BG,"Bristol 35.5\"" Bathroom Vanity in Natural White Ash",1199.99,,
142004,ER Vanities,Single Sink Cabinet Only,Bristol-41.5-NWA-BG,"Bristol 41.5\"" Bathroom Vanity in Natural White Ash",1549.99,,
142005,ER Vanities,Single Sink Cabinet Only,Bristol-47.5-NWA-BG,"Bristol 47.5\"" Bathroom Vanity in Natural White Ash",1649.99,,
142007,ER Vanities,Single Sink Cabinet Only,Bristol-59.5S-NWA-BG,"Bristol 59.5\"" Single Sink Bathroom Vanity in Natural White Ash",1849.99,,
142011,ER Vanities,Single Sink Cabinet Only,Kensington-29.5L-DOAK-MB,"Kensington 29.5\"" Left Drawers Bathroom Vanity in Desert Oak",1199.99,,
142012,ER Vanities,Single Sink Cabinet Only,Kensington-29.5L-NVBLU-BG,"Kensington 29.5\"" Left Drawers Bathroom Vanity in Navy Blue",1099.99,,
142013,ER Vanities,Single Sink Cabinet Only,Kensington-29.5L-WH-BN,"Kensington 29.5\"" Left Drawers Bathroom Vanity in Bright White",1049.99,,
142014,ER Vanities,Single Sink Cabinet Only,Kensington-29.5R-DOAK-MB,"Kensington 29.5\"" Right Drawers Bathroom Vanity in Desert Oak",1199.99,,
142015,ER Vanities,Single Sink Cabinet Only,Kensington-29.5R-NVBLU-BG,"Kensington 29.5\"" Right Drawers Bathroom Vanity in Navy Blue",1099.99,,
142016,ER Vanities,Single Sink Cabinet Only,Kensington-29.5R-WH-BN,"Kensington 29.5\"" Right Drawers Bathroom Vanity in Bright White",1049.99,,
142017,ER Vanities,Single Sink Cabinet Only,Kensington-35.5L-DOAK-MB,"Kensington 35.5\"" Left Drawers Bathroom Vanity in Desert Oak",1424.99,,
142018,ER Vanities,Single Sink Cabinet Only,Kensington-35.5L-MGR-BN,"Kensington 35.5\"" Left Drawers Bathroom Vanity in Metal Gray",1149.99,,
142019,ER Vanities,Single Sink Cabinet Only,Kensington-35.5L-NVBLU-BG,"Kensington 35.5\"" Left Drawers Bathroom Vanity in Navy Blue",1199.99,,
142020,ER Vanities,Single Sink Cabinet Only,Kensington-35.5L-WH-BN,"Kensington 35.5\"" Left Drawers Bathroom Vanity in Bright White",1149.99,,
142021,ER Vanities,Single Sink Cabinet Only,Kensington-35.5R-DOAK-MB,"Kensington 35.5\"" Right Drawers Bathroom Vanity in Desert Oak",1424.99,,
142022,ER Vanities,Single Sink Cabinet Only,Kensington-35.5R-MGR-BN,"Kensington 35.5\"" Right Drawers Bathroom Vanity in Metal Gray",1149.99,,
142023,ER Vanities,Single Sink Cabinet Only,Kensington-35.5R-NVBLU-BG,"Kensington 35.5\"" Right Drawers Bathroom Vanity in Navy Blue",1199.99,,
142024,ER Vanities,Single Sink Cabinet Only,Kensington-35.5R-WH-BN,"Kensington 35.5\"" Right Drawers Bathroom Vanity in Bright White",1149.99,,
142025,ER Vanities,Single Sink Cabinet Only,Kensington-41.5-DOAK-MB,"Kensington 41.5\"" Bathroom Vanity in Desert Oak",1649.99,,
142026,ER Vanities,Single Sink Cabinet Only,Kensington-41.5-MGR-BN,"Kensington 41.5\"" Bathroom Vanity in Metal Gray",1474.99,,
142027,ER Vanities,Single Sink Cabinet Only,Kensington-41.5-NVBLU-BG,"Kensington 41.5\"" Bathroom Vanity in Navy Blue",1524.99,,
142028,ER Vanities,Single Sink Cabinet Only,Kensington-41.5-WH-BN,"Kensington 41.5\"" Bathroom Vanity in Bright White",1474.99,,
142029,ER Vanities,Single Sink Cabinet Only,Kensington-47.5-MGR-BN,"Kensington 47.5\"" Bathroom Vanity in Metal Gray",1724.99,,
142030,ER Vanities,Single Sink Cabinet Only,Kensington-47.5-WH-BN,"Kensington 47.5\"" Bathroom Vanity in Bright White",1724.99,,
142033,ER Vanities,Single Sink Cabinet Only,Kensington-59.5S-MGR-BN,"Kensington 59.5\"" Single Sink Bathroom Vanity in Metal Gray",1899.99,,
142034,ER Vanities,Single Sink Cabinet Only,Kensington-59.5S-WH-BN,"Kensington 59.5\"" Single Sink Bathroom Vanity in Bright White",1899.99,,
142039,ER Vanities,Single Sink Cabinet Only,London-23.5-DOAK-MB,"London 23.5\"" Bathroom Vanity in Desert Oak",924.99,,
142042,ER Vanities,Single Sink Cabinet Only,London-29.5-DOAK-MB,"London 29.5\"" Bathroom Vanity in Desert Oak",974.99,,
142041,ER Vanities,Single Sink Cabinet Only,London-29.5-WH-BN,"London 29.5\"" Bathroom Vanity in Bright White",874.99,,
142043,ER Vanities,Single Sink Cabinet Only,London-35.5R-DOAK-MB,"London 35.5\"" Right Drawers Bathroom Vanity in Desert Oak",1149.99,,
142044,ER Vanities,Single Sink Cabinet Only,London-35.5R-WH-BN,"London 35.5\"" Right Drawers Bathroom Vanity in Bright White",999.99,,
142045,ER Vanities,Single Sink Cabinet Only,London-47.5-DOAK-MB,"London 47.5\"" Bathroom Vanity in Desert Oak",1599.99,,
142046,ER Vanities,Single Sink Cabinet Only,London-47.5-WH-BN,"London 47.5\"" Bathroom Vanity in Bright White",1449.99,,
142049,ER Vanities,Single Sink Cabinet Only,London-59.5S-DOAK-MB,"London 59.5\"" Single Sink Bathroom Vanity in Desert Oak",1824.99,,
142050,ER Vanities,Single Sink Cabinet Only,London-59.5S-WH-BN,"London 59.5\"" Single Sink Bathroom Vanity in Bright White",1724.99,,
142053,ER Vanities,Single Sink Cabinet Only,Oxford-29.5-BLK-BG,"Oxford 29.5\"" Bathroom Vanity in Black",974.99,,
142054,ER Vanities,Single Sink Cabinet Only,Oxford-29.5-CAMGRN-BG,"Oxford 29.5\"" Bathroom Vanity in Sage Green",974.99,,
142055,ER Vanities,Single Sink Cabinet Only,Oxford-29.5-WA-MB,"Oxford 29.5\"" Bathroom Vanity in Whitewashed Ash",1099.99,,
142056,ER Vanities,Single Sink Cabinet Only,Oxford-35.5-BLK-BG,"Oxford 35.5\"" Bathroom Vanity in Black",1099.99,,
142057,ER Vanities,Single Sink Cabinet Only,Oxford-35.5-CAMGRN-BG,"Oxford 35.5\"" Bathroom Vanity in Sage Green",1099.99,,
142058,ER Vanities,Single Sink Cabinet Only,Oxford-35.5-WA-MB,"Oxford 35.5\"" Bathroom Vanity in Whitewashed Ash",1199.99,,
142059,ER Vanities,Single Sink Cabinet Only,Oxford-41.5-BLK-BG,"Oxford 41.5\"" Bathroom Vanity in Black",1374.99,,
142060,ER Vanities,Single Sink Cabinet Only,Oxford-41.5-CAMGRN-BG,"Oxford 41.5\"" Bathroom Vanity in Sage Green",1374.99,,
142061,ER Vanities,Single Sink Cabinet Only,Oxford-41.5-WA-MB,"Oxford 41.5\"" Bathroom Vanity in Whitewashed Ash",1474.99,,
142063,ER Vanities,Single Sink Cabinet Only,Oxford-47.5-BLK-BG,"Oxford 47.5\"" Bathroom Vanity in Black",1499.99,,
142062,ER Vanities,Single Sink Cabinet Only,Oxford-47.5-CAMGRN-BG,"Oxford 47.5\"" Bathroom Vanity in Sage Green",1499.99,,
142064,ER Vanities,Single Sink Cabinet Only,Oxford-47.5-WA-MB,"Oxford 47.5\"" Bathroom Vanity in Whitewashed Ash",1599.99,,
142065,ER Vanities,Single Sink Cabinet Only,Windsor-29.5-NVBLU-BG,"Windsor 29.5\"" Bathroom Vanity in Navy Blue",974.99,,
142066,ER Vanities,Single Sink Cabinet Only,Windsor-29.5-WH-BN,"Windsor 29.5\"" Bathroom Vanity in Bright White",924.99,,
142067,ER Vanities,Single Sink Cabinet Only,Windsor-35.5L-NVBLU-BG,"Windsor 35.5\"" Left Drawers Bathroom Vanity in Navy Blue",1149.99,,
142068,ER Vanities,Single Sink Cabinet Only,Windsor-35.5L-WH-BN,"Windsor 35.5\"" Left Drawers Bathroom Vanity in Bright White",1099.99,,
142069,ER Vanities,Single Sink Cabinet Only,Windsor-35.5R-NVBLU-BG,"Windsor 35.5\"" Right Drawers Bathroom Vanity in Navy Blue",1149.99,,
142070,ER Vanities,Single Sink Cabinet Only,Windsor-35.5R-WH-BN,"Windsor 35.5\"" Right Drawers Bathroom Vanity in Bright White",1099.99,,
142071,ER Vanities,Single Sink Cabinet Only,Windsor-47.5-NVBLU-BG,"Windsor 47.5\"" Bathroom Vanity in Navy Blue",1549.99,,
142072,ER Vanities,Single Sink Cabinet Only,Windsor-47.5-WH-BN,"Windsor 47.5\"" Bathroom Vanity in Bright White",1499.99,,
142074,ER Vanities,Single Sink Cabinet Only,Windsor-59.5S-NVBLU-BG,"Windsor 59.5\"" Single Sink Bathroom Vanity in Navy Blue",1849.99,,
142075,ER Vanities,Single Sink Cabinet Only,Windsor-59.5S-WH-BN,"Windsor 59.5\"" Single Sink Bathroom Vanity in Bright White",1774.99,,
19331,James Martin Vanities,Knobs & Legs,P305V3036LGKNCB,"Part: Chicago Knobs and Legs Set for V30\"" and V36\"" in Champagne Bras",89.00,,
19338,James Martin Vanities,Knobs & Legs,P305V48LGKNCB,"Part: Chicago Knobs and Legs Set for V48\""  in Champagne Brass",109.00,,
19345,James Martin Vanities,Knobs & Legs,P305V72LGKNCB,"Part: Chicago Knobs and Legs Set for V72\""  in Champagne Brass",129.00,,
17243,James Martin Vanities,Metal Base,803-B18.1-RGD,"Milan 18.1\"" Depth Stainless Steel Base(Tall), Radiant Gold",357.06,,
17250,James Martin Vanities,Storage Cabinet,803-SC1248-GW,"Milan 12\"" Storage Cabinet (Tall), Glossy White",208.56,,
