model,public_id,source_file,bytes,skus
Kensington-29.5L,bathroom-vanities-outlet/manuals/er-vanities-kensington-30l-use-manual,Use Manual Kensington-29.5L.pdf,2736742,3
Kensington-29.5R,bathroom-vanities-outlet/manuals/er-vanities-kensington-30r-use-manual,Use Manual Kensington-29.5R.pdf,3084822,3
Kensington-35.5L,bathroom-vanities-outlet/manuals/er-vanities-kensington-36l-use-manual,Use Manual Kensington-35.5L.pdf,3113551,4
Kensington-35.5R,bathroom-vanities-outlet/manuals/er-vanities-kensington-36r-use-manual,Use Manual Kensington-35.5R.pdf,3109291,4
Kensington-41.5,bathroom-vanities-outlet/manuals/er-vanities-kensington-42-use-manual,Use Manual Kensington-41.5.pdf,3361003,4
Kensington-47.5,bathroom-vanities-outlet/manuals/er-vanities-kensington-48-use-manual,Use Manual Kensington-47.5.pdf,3392736,2
Kensington-59.5D,bathroom-vanities-outlet/manuals/er-vanities-kensington-60d-use-manual,Use Manual Kensington-59.5D.pdf,3440869,2
Kensington-59.5S,bathroom-vanities-outlet/manuals/er-vanities-kensington-60s-use-manual,Use Manual Kensington-59.5S.pdf,2959759,2
Kensington-71.5,bathroom-vanities-outlet/manuals/er-vanities-kensington-72-use-manual,Use Manual Kensington-71.5.pdf,2810483,2
London-23.5,bathroom-vanities-outlet/manuals/er-vanities-london-24-use-manual,Use Manual London-23.5.pdf,2205302,2
London-29.5,bathroom-vanities-outlet/manuals/er-vanities-london-30-use-manual,Use Manual London-29.5.pdf,2445707,2
London-35.5R,bathroom-vanities-outlet/manuals/er-vanities-london-36r-use-manual,Use Manual London-35.5R.pdf,2442987,2
London-47.5,bathroom-vanities-outlet/manuals/er-vanities-london-48-use-manual,Use Manual London-47.5.pdf,2346647,2
London-59.5D,bathroom-vanities-outlet/manuals/er-vanities-london-60d-use-manual,Use Manual London-59.5D.pdf,2533340,2
London-59.5S,bathroom-vanities-outlet/manuals/er-vanities-london-60s-use-manual,Use Manual London-59.5S.pdf,2474794,2
London-71.5,bathroom-vanities-outlet/manuals/er-vanities-london-72-use-manual,Use Manual London-71.5.pdf,2324881,2
Windsor-29.5,bathroom-vanities-outlet/manuals/er-vanities-windsor-30-use-manual,Use Manual Windsor-29.5.pdf,2947627,2
Windsor-35.5L,bathroom-vanities-outlet/manuals/er-vanities-windsor-36l-use-manual,Use Manual Windsor-35.5L.pdf,3206578,2
Windsor-35.5R,bathroom-vanities-outlet/manuals/er-vanities-windsor-36r-use-manual,Use Manual Windsor-35.5R.pdf,3272470,2
Windsor-47.5,bathroom-vanities-outlet/manuals/er-vanities-windsor-48-use-manual,Use Manual Windsor-47.5.pdf,2771711,2
Windsor-59.5D,bathroom-vanities-outlet/manuals/er-vanities-windsor-60d-use-manual,Use Manual Windsor-59.5D.pdf,2829998,2
Windsor-59.5S,bathroom-vanities-outlet/manuals/er-vanities-windsor-60s-use-manual,Use Manual Windsor-59.5S.pdf,2910359,2
Windsor-71.5,bathroom-vanities-outlet/manuals/er-vanities-windsor-72-use-manual,Use Manual Windsor-71.5.pdf,2897786,2
